Workbook

Sheet Cómo usar
A1: Plantilla de implementación por prioridades — cómo usarla
A2: Pensada para que cualquier equipo la tome y la adapte, sin depender de una herramienta específica.
A4: Qué es | B4: Una plantilla de dos partes: una hoja de ruta general (10 pasos, de diagnóstico a piloto) y una hoja de seguimiento de proyectos — la parte más densa, porque es donde entra cada solicitud real del negocio y se decide qué se hace primero.
A5: Para quién | B5: Dueños de negocio, líderes de equipo y cualquier persona que necesite ver en un solo lugar qué se está trabajando, por qué, y en qué orden — sin lenguaje técnico.
A6: Hoja 'Hoja de ruta' | B6: Los 10 pasos generales de instalar el modelo de trabajo. Ya tiene un ejemplo real en el paso 0 (resaltado en azul claro) para mostrar cómo se ve un paso avanzando.
A7: Hoja 'Seguimiento de proyectos' | B7: El registro vivo de cada proyecto o solicitud: de dónde viene, qué tan urgente es, qué tan grande es, y una prioridad que se calcula sola combinando esas dos cosas — no a criterio de quién pide más fuerte. Además responde tres preguntas de negocio para cada proyecto: en qué estado va (columna 'Estado': incluye 'Cancelado' para lo que se descarta sin completarse), en qué momento del ciclo está (columna 'Fase de desarrollo'), y para cuándo se espera. Cuatro columnas adicionales — 'Fecha real de inicio de desarrollo', 'Fecha real de cierre', 'Responsable de desarrollo' y 'Responsable de QA' — alimentan los indicadores automáticos de la hoja 'Resumen'. Tiene 5 filas de ejemplo (resaltadas en azul claro) y 2 filas vacías listas para usar.
A8: Hoja 'Resumen' | B8: Un panel visual que se actualiza solo a partir de las otras dos hojas — no se edita directamente. Además del avance general, calcula los indicadores de la sección 9 del framework KPS: Lead time, Cycle time, Eficiencia de flujo, % de entrega a tiempo, Índice de concentración y % de cumplimiento de WIP por persona.
A9: Hoja 'Roles y gobierno' | B9: El registro de quién tiene cada rol de gobierno del framework (sección 5) y quién es su respaldo nombrado — para que ninguna regla dependa de una sola persona. Trae los 7 roles del framework ya listados, con una fila de 'Líder de Flujo de Valor' por cada flujo de valor (usa los mismos ejemplos de la hoja 'Seguimiento de proyectos'). Completa 'Titular' y 'Respaldo' con los nombres reales de tu equipo.
A10: Cómo se calcula la prioridad | B10: Se combinan dos preguntas simples: '¿qué tan grave es si esto se atrasa una semana?' (impacto) y '¿qué tan grande es el esfuerzo?' (tamaño). La combinación da la prioridad automáticamente, según la matriz que está al lado de la tabla en la hoja 'Seguimiento de proyectos' (columnas T a W). Impacto alto + esfuerzo pequeño siempre gana — es la forma más simple de evitar que lo urgente-pero-fácil se quede esperando detrás de algo grande y menos importante.
A11: Indicadores automáticos (sección 9 del framework) | B11: Lead time y Cycle time se calculan solos a partir de 'Fecha estimada de inicio', 'Fecha real de inicio de desarrollo' y 'Fecha real de cierre' de cada proyecto Completado. El Índice de concentración y el % de cumplimiento de WIP salen de contar, por persona, cuántos ítems tiene 'En curso' sumando la columna 'Responsable de desarrollo' y la columna 'Responsable de QA' — escribe el nombre de cada persona del equipo (desarrollo y QA) en la tabla de la hoja 'Resumen' para que el cálculo funcione.
A12: Qué editar | B12: Las celdas en amarillo son las que se completan para cada paso, proyecto o rol nuevo. Las celdas en azul claro son ejemplos — bórralos o reemplázalos cuando empieces a usar la plantilla con datos reales. No toques las columnas de prioridad, la matriz, ni la hoja 'Resumen' — se calculan solas, excepto la celda amarilla de 'Tope de WIP por persona' y la lista de nombres de personas, que sí son editables.
A13: Sin nombrar herramientas | B13: Esta plantilla no asume ningún software de gestión de trabajo en particular — es una forma de pensar y ordenar decisiones, no un sistema. Se puede usar en esta hoja de cálculo o trasladar la misma lógica a cualquier otra herramienta que el equipo ya use.

Sheet Hoja de ruta
A1: Plan de implementación — de un diagnóstico inicial a un modelo de trabajo por prioridades
A2: Cada fila es un paso. Completa Responsable, Estado, Fechas y Notas a medida que avanzas — cualquier persona del equipo puede tomarlo desde donde quedó.
A4: Fase | B4: Paso | C4: Qué se hace | D4: Por qué importa para el negocio | E4: Responsable | F4: Estado | G4: Fecha objetivo | H4: Fecha real de cierre | I4: Notas
A5: 0 | B5: Diagnóstico inicial (línea base) | C5: Entender con datos reales cómo está el equipo hoy: cuánto trabajo tiene cada persona, qué tan respetados están los límites ya acordados, qué iniciativas están realmente avanzando y cuáles llevan tiempo detenidas sin que nadie lo haya decidido, y si el control de calidad tiene capacidad real o está saturado. | D5: Sin esto, cualquier decisión que se tome después es una suposición, no un hecho. | F5: En curso | I5: El diagnóstico de la parte de seguridad e infraestructura ya se completó.
A6: 1 | B6: Lenguaje común | C6: Acordar en una sola página cómo le va a llamar todo el equipo a cada pieza del nuevo modelo de trabajo, para que nadie interprete distinto lo mismo. | D6: Evita malentendidos y resistencia al cambio desde el principio. | F6: No iniciado
A7: 2 | B7: Delimitar el alcance | C7: Definir por escrito qué NO se va a implementar todavía, para no sobrecargar al equipo con procesos que no necesita a su tamaño actual. | D7: Evita burocracia innecesaria y protege el tiempo del equipo. | F7: No iniciado
A8: 3 | B8: Priorización objetiva | C8: Reemplazar la discusión informal de "qué es más urgente" por una forma de calcular la prioridad con números, basada en el impacto para el negocio y el esfuerzo que toma. (Ver el detalle aplicado a proyectos en la hoja 'Seguimiento de proyectos'.) | D8: Las decisiones de prioridad quedan sustentadas en datos, no en quién insiste más fuerte. | F8: No iniciado
A9: 4 | B9: Agrupar por valor de negocio | C9: Organizar las iniciativas actuales según el valor que le entregan al negocio, no según el nombre del proyecto o quién lo pidió. | D9: Permite mover personas entre iniciativas relacionadas sin que se sienta como abandonar algo. | F9: No iniciado
A10: 5 | B10: Responsables y respaldos | C10: Nombrar quién toma cada decisión clave del nuevo modelo, y quién la respalda si esa persona no está disponible. | D10: Evita que las reglas se rompan bajo presión o que todo dependa de una sola persona. | F10: No iniciado
A11: 6 | B11: Sesiones cortas de ajuste | C11: Cambiar las reuniones largas de planificación por una sesión corta cada trimestre para ajustar el modelo con datos reales. | D11: Mantiene la disciplina del proceso sin consumir tiempo excesivo del equipo. | F11: No iniciado
A12: 7 | B12: Mecanismos de control | C12: Activar reglas concretas: quién atiende lo urgente cada semana (rotativo, no siempre la misma persona), qué tan costosa es cada interrupción, y qué pasa si un pendiente técnico se deja acumular sin atender. | D12: Hace visible el costo real de lo urgente y evita que el conocimiento clave se concentre en pocas personas. | F12: No iniciado
A13: 8 | B13: Piloto controlado (4 a 6 semanas) | C13: Aplicar todo lo anterior en una parte acotada del equipo, con una forma de medir el antes y el después ya acordada desde el inicio. Usa la hoja 'Seguimiento de proyectos' para registrar cada solicitud real que entre durante el piloto. | D13: Reduce el riesgo de imponer el cambio a todo el equipo de una sola vez. | F13: No iniciado
A14: 9 | B14: Medir y decidir | C14: Revisar los resultados del piloto contra lo que se acordó como éxito, y decidir si se expande, se ajusta, o se documenta como aprendizaje. | D14: Cierra el ciclo con evidencia real, no con una opinión. | F14: No iniciado
A16: Cómo usar esta hoja: completa las columnas resaltadas (Responsable, Estado, Fechas, Notas) para cada paso. El paso 0 ya tiene un ejemplo real de cómo se ve un paso "En curso".

Sheet Seguimiento de proyectos
A1: Seguimiento de proyectos — de cada solicitud a una prioridad clara
A2: Un renglón por proyecto o solicitud. La columna 'Prioridad' se calcula sola (matriz a la derecha) — no la edites a mano.
A4: Proyecto | B4: Área o persona solicitante | C4: Qué problema de negocio resuelve | D4: Tipo de solicitud | E4: Impacto si se retrasa una semana | F4: Tamaño del esfuerzo | G4: Prioridad | H4: Línea de trabajo asignada | I4: Responsable | J4: Estado | K4: Fase de desarrollo | L4: Fecha estimada de inicio | M4: Fecha estimada de entrega | N4: Notas | O4: Fecha real de inicio de desarrollo | P4: Fecha real de cierre | Q4: Responsable de desarrollo (para indicadores de WIP) | R4: Responsable de QA (para indicadores de WIP) | T4: Matriz de prioridad (no editar — solo consulta)
A5: Portal de autoservicio para clientes | B5: Área comercial | C5: Reducir llamadas al área de atención por consultas simples que el cliente podría resolver solo. | D5: Tiene fecha límite real | E5: Alto | F5: Grande | G5: =IFERROR(INDEX($U$6:$W$8,MATCH($E5,$T$6:$T$8,0),MATCH($F5,$U$5:$W$5,0)),"") -> Alta | H5: Producto y experiencia de cliente | J5: En curso | K5: En desarrollo | N5: Depende de que el área legal apruebe los textos antes de publicar. | T5: Impacto \ Tamaño | U5: Pequeño | V5: Mediano | W5: Grande
A6: Automatizar el reporte semanal de indicadores | B6: Operaciones | C6: Hoy una persona arma el reporte a mano cada semana; automatizarlo libera ese tiempo para otras prioridades. | D6: Puede esperar y priorizarse | E6: Medio | F6: Pequeño | G6: =IFERROR(INDEX($U$6:$W$8,MATCH($E6,$T$6:$T$8,0),MATCH($F6,$U$5:$W$5,0)),"") -> Alta | H6: Datos y reportes internos | J6: No iniciado | K6: Por iniciar | T6: Alto | U6: Muy alta | V6: Alta | W6: Alta
A7: Cerrar hallazgos del diagnóstico de seguridad e infraestructura | B7: Infraestructura | C7: Atender los riesgos ya identificados en un diagnóstico externo antes de que se conviertan en un incidente. | D7: Urgente ahora | E7: Alto | F7: Mediano | G7: =IFERROR(INDEX($U$6:$W$8,MATCH($E7,$T$6:$T$8,0),MATCH($F7,$U$5:$W$5,0)),"") -> Alta | H7: Plataforma e infraestructura | J7: En curso | K7: En pruebas de calidad | N7: Viene de un diagnóstico ya completado; en revisión antes de activar los cambios en producción. | T7: Medio | U7: Alta | V7: Media | W7: Media
A8: Migrar el catálogo de productos a la nueva base de datos | B8: Producto | C8: Reduce tiempos de carga que afectan la conversión en el sitio. | D8: Tiene fecha límite real | E8: Alto | F8: Grande | G8: =IFERROR(INDEX($U$6:$W$8,MATCH($E8,$T$6:$T$8,0),MATCH($F8,$U$5:$W$5,0)),"") -> Alta | H8: Producto y experiencia de cliente | J8: En curso | K8: En producción (ventana de observación) | N8: Ya salió a producción; se vigila estabilidad antes de cerrar el proyecto. | T8: Bajo | U8: Media | V8: Baja | W8: Baja
A9: Actualizar librería interna de componentes visuales | B9: Equipo de desarrollo | C9: Reduce el tiempo de mantenimiento futuro, pero no resuelve una necesidad urgente de negocio hoy. | D9: Es mantenimiento o mejora interna | E9: Bajo | F9: Mediano | G9: =IFERROR(INDEX($U$6:$W$8,MATCH($E9,$T$6:$T$8,0),MATCH($F9,$U$5:$W$5,0)),"") -> Baja | H9: Plataforma e infraestructura | J9: Bloqueado | K9: Por iniciar | N9: Bloqueado por falta de capacidad disponible esta semana.
G10: =IFERROR(INDEX($U$6:$W$8,MATCH($E10,$T$6:$T$8,0),MATCH($F10,$U$5:$W$5,0)),"") | T10: Cómo leerla: impacto alto + esfuerzo pequeño siempre gana. Así lo urgente-pero-rápido de resolver no queda esperando detrás de algo grande y menos importante para el negocio.
G11: =IFERROR(INDEX($U$6:$W$8,MATCH($E11,$T$6:$T$8,0),MATCH($F11,$U$5:$W$5,0)),"")
A13: Cómo usar esta hoja: completa un renglón por cada proyecto o solicitud nueva (columnas en amarillo). 'Fase de desarrollo' muestra en qué momento del ciclo va cada proyecto (por iniciar, en desarrollo, en pruebas de calidad, en producción en observación, o en producción estable) — junto con 'Estado' y las fechas, responde para cuándo termina y en qué va. 'Fecha real de inicio de desarrollo', 'Fecha real de cierre', 'Responsable de desarrollo' y 'Responsable de QA' alimentan los indicadores de la hoja 'Resumen' — llénalas a medida que el ítem avanza, no al crearlo. Usa una sola persona por columna (la principal responsable de cada frente), no una lista, para que la medición de WIP no tenga ambigüedad. Las 5 filas en azul claro son ejemplos — bórralas o reemplázalas cuando empieces a registrar proyectos reales. No edites la columna 'Prioridad' ni la matriz de la derecha: se calculan solas.

Sheet Resumen
A1: Resumen de avance
A2: Se actualiza solo — no edites esta hoja, edita 'Hoja de ruta' y 'Seguimiento de proyectos'.
A4: % de la hoja de ruta completado | D4: Proyectos registrados
A5: =COUNTIF('Hoja de ruta'!F5:F14,"Completado")/COUNTA('Hoja de ruta'!B5:B14) -> 0 | D5: =COUNTA('Seguimiento de proyectos'!A5:A11) -> 5
A8: Estado (hoja de ruta) | B8: Cantidad de pasos | D8: Prioridad | E8: Cantidad de proyectos | G8: Estado (proyectos) | H8: Cantidad | J8: Fase de desarrollo | K8: Cantidad
A9: Completado | B9: =COUNTIF('Hoja de ruta'!F5:F14,"Completado") -> 0 | D9: Muy alta | E9: =COUNTIF('Seguimiento de proyectos'!$G$5:$G$11,"Muy alta") -> 0 | G9: Completado | H9: =COUNTIF('Seguimiento de proyectos'!$J$5:$J$11,"Completado") -> 0 | J9: Por iniciar | K9: =COUNTIF('Seguimiento de proyectos'!$K$5:$K$11,"Por iniciar") -> 2
A10: En curso | B10: =COUNTIF('Hoja de ruta'!F5:F14,"En curso") -> 1 | D10: Alta | E10: =COUNTIF('Seguimiento de proyectos'!$G$5:$G$11,"Alta") -> 4 | G10: En curso | H10: =COUNTIF('Seguimiento de proyectos'!$J$5:$J$11,"En curso") -> 3 | J10: En desarrollo | K10: =COUNTIF('Seguimiento de proyectos'!$K$5:$K$11,"En desarrollo") -> 1
A11: Bloqueado | B11: =COUNTIF('Hoja de ruta'!F5:F14,"Bloqueado") -> 0 | D11: Media | E11: =COUNTIF('Seguimiento de proyectos'!$G$5:$G$11,"Media") -> 0 | G11: Bloqueado | H11: =COUNTIF('Seguimiento de proyectos'!$J$5:$J$11,"Bloqueado") -> 1 | J11: En pruebas de calidad | K11: =COUNTIF('Seguimiento de proyectos'!$K$5:$K$11,"En pruebas de calidad") -> 1
A12: No iniciado | B12: =COUNTIF('Hoja de ruta'!F5:F14,"No iniciado") -> 9 | D12: Baja | E12: =COUNTIF('Seguimiento de proyectos'!$G$5:$G$11,"Baja") -> 1 | G12: No iniciado | H12: =COUNTIF('Seguimiento de proyectos'!$J$5:$J$11,"No iniciado") -> 1 | J12: En producción (ventana de observación) | K12: =COUNTIF('Seguimiento de proyectos'!$K$5:$K$11,"En producción (ventana de observación)") -> 1
G13: Cancelado | H13: =COUNTIF('Seguimiento de proyectos'!$J$5:$J$11,"Cancelado") -> 0 | J13: En producción (estable) | K13: =COUNTIF('Seguimiento de proyectos'!$K$5:$K$11,"En producción (estable)") -> 0
A16: Indicadores (sección 9 del framework KPS)
A17: Se calculan solos a partir de 'Seguimiento de proyectos' — no edites esta sección, excepto la celda amarilla de Tope de WIP y la lista de personas.
A19: Tope de WIP por persona | B19: 2 | C19: Editable — el tope individual que acordó el equipo (pilar 2 del framework).
A21: Indicadores de flujo (sección 9.1)
A22: Lead time promedio (días) | B22: =IFERROR(SUMPRODUCT(('Seguimiento de proyectos'!$J$5:$J$11="Completado")*('Seguimiento de proyectos'!$P$5:$P$11<>"")*('Seguimiento de proyectos'!$L$5:$L$11<>"")*('Seguimiento de proyectos'!$P$5:$P$11-'Seguimiento de proyectos'!$L$5:$L$11))/SUMPRODUCT(('Seguimiento de proyectos'!$J$5:$J$11="Completado")*('Seguimiento de proyectos'!$P$5:$P$11<>"")*('Seguimiento de proyectos'!$L$5:$L$11<>"")),"") | C22: Fecha real de cierre − Fecha estimada de inicio.
A23: Cycle time promedio (días) | B23: =IFERROR(SUMPRODUCT(('Seguimiento de proyectos'!$J$5:$J$11="Completado")*('Seguimiento de proyectos'!$P$5:$P$11<>"")*('Seguimiento de proyectos'!$O$5:$O$11<>"")*('Seguimiento de proyectos'!$P$5:$P$11-'Seguimiento de proyectos'!$O$5:$O$11))/SUMPRODUCT(('Seguimiento de proyectos'!$J$5:$J$11="Completado")*('Seguimiento de proyectos'!$P$5:$P$11<>"")*('Seguimiento de proyectos'!$O$5:$O$11<>"")),"") | C23: Fecha real de cierre − Fecha real de inicio de desarrollo.
A24: Eficiencia de flujo (%) | B24: =IFERROR(B23/B22*100,"") | C24: Cycle time ÷ Lead time — cuánto del tiempo total fue trabajo activo.
A25: % de entrega a tiempo (Fecha fija) | B25: =IFERROR(SUMPRODUCT(('Seguimiento de proyectos'!$D$5:$D$11="Tiene fecha límite real")*('Seguimiento de proyectos'!$J$5:$J$11="Completado")*('Seguimiento de proyectos'!$P$5:$P$11<>"")*('Seguimiento de proyectos'!$M$5:$M$11<>"")*('Seguimiento de proyectos'!$P$5:$P$11<='Seguimiento de proyectos'!$M$5:$M$11))/SUMPRODUCT(('Seguimiento de proyectos'!$D$5:$D$11="Tiene fecha límite real")*('Seguimiento de proyectos'!$J$5:$J$11="Completado")*('Seguimiento de proyectos'!$P$5:$P$11<>"")*('Seguimiento de proyectos'!$M$5:$M$11<>""))*100,"") | C25: De los ítems con 'Tiene fecha límite real' ya Completados, % entregado en la fecha o antes.
A27: Nota: los 4 de arriba quedan vacíos hasta que empieces a llenar 'Fecha real de inicio de desarrollo' y 'Fecha real de cierre' en 'Seguimiento de proyectos' — al principio solo tienes fechas estimadas.
A29: Capacidad y carga por persona — foto de hoy (sección 9.2)
A30: Persona | B30: Ítems activos (En curso) | C30: ¿Dentro del tope?
A31: María (ejemplo) | B31: =IF($A31="",0,IFERROR(COUNTIFS('Seguimiento de proyectos'!$Q$5:$Q$11,$A31,'Seguimiento de proyectos'!$J$5:$J$11,"En curso")+COUNTIFS('Seguimiento de proyectos'!$R$5:$R$11,$A31,'Seguimiento de proyectos'!$J$5:$J$11,"En curso"),0)) -> 0 | C31: =IF($A31="","",IF(B31<=$B$19,"Sí","No")) -> Sí
A32: Juan (ejemplo) | B32: =IF($A32="",0,IFERROR(COUNTIFS('Seguimiento de proyectos'!$Q$5:$Q$11,$A32,'Seguimiento de proyectos'!$J$5:$J$11,"En curso")+COUNTIFS('Seguimiento de proyectos'!$R$5:$R$11,$A32,'Seguimiento de proyectos'!$J$5:$J$11,"En curso"),0)) -> 0 | C32: =IF($A32="","",IF(B32<=$B$19,"Sí","No")) -> Sí
B33: =IF($A33="",0,IFERROR(COUNTIFS('Seguimiento de proyectos'!$Q$5:$Q$11,$A33,'Seguimiento de proyectos'!$J$5:$J$11,"En curso")+COUNTIFS('Seguimiento de proyectos'!$R$5:$R$11,$A33,'Seguimiento de proyectos'!$J$5:$J$11,"En curso"),0)) -> 0 | C33: =IF($A33="","",IF(B33<=$B$19,"Sí","No"))
B34: =IF($A34="",0,IFERROR(COUNTIFS('Seguimiento de proyectos'!$Q$5:$Q$11,$A34,'Seguimiento de proyectos'!$J$5:$J$11,"En curso")+COUNTIFS('Seguimiento de proyectos'!$R$5:$R$11,$A34,'Seguimiento de proyectos'!$J$5:$J$11,"En curso"),0)) -> 0 | C34: =IF($A34="","",IF(B34<=$B$19,"Sí","No"))
B35: =IF($A35="",0,IFERROR(COUNTIFS('Seguimiento de proyectos'!$Q$5:$Q$11,$A35,'Seguimiento de proyectos'!$J$5:$J$11,"En curso")+COUNTIFS('Seguimiento de proyectos'!$R$5:$R$11,$A35,'Seguimiento de proyectos'!$J$5:$J$11,"En curso"),0)) -> 0 | C35: =IF($A35="","",IF(B35<=$B$19,"Sí","No"))
B36: =IF($A36="",0,IFERROR(COUNTIFS('Seguimiento de proyectos'!$Q$5:$Q$11,$A36,'Seguimiento de proyectos'!$J$5:$J$11,"En curso")+COUNTIFS('Seguimiento de proyectos'!$R$5:$R$11,$A36,'Seguimiento de proyectos'!$J$5:$J$11,"En curso"),0)) -> 0 | C36: =IF($A36="","",IF(B36<=$B$19,"Sí","No"))
B37: =IF($A37="",0,IFERROR(COUNTIFS('Seguimiento de proyectos'!$Q$5:$Q$11,$A37,'Seguimiento de proyectos'!$J$5:$J$11,"En curso")+COUNTIFS('Seguimiento de proyectos'!$R$5:$R$11,$A37,'Seguimiento de proyectos'!$J$5:$J$11,"En curso"),0)) -> 0 | C37: =IF($A37="","",IF(B37<=$B$19,"Sí","No"))
B38: =IF($A38="",0,IFERROR(COUNTIFS('Seguimiento de proyectos'!$Q$5:$Q$11,$A38,'Seguimiento de proyectos'!$J$5:$J$11,"En curso")+COUNTIFS('Seguimiento de proyectos'!$R$5:$R$11,$A38,'Seguimiento de proyectos'!$J$5:$J$11,"En curso"),0)) -> 0 | C38: =IF($A38="","",IF(B38<=$B$19,"Sí","No"))
A40: Total WIP activo del portafolio | B40: =SUM($B$31:$B$38) -> 0
A41: Índice de concentración (%) — top 2 personas | B41: =IFERROR((LARGE($B$31:$B$38,1)+LARGE($B$31:$B$38,2))/SUM($B$31:$B$38)*100,"") | C41: Riesgo de bus factor si supera 40% (sección 9.2 del framework).
A42: % de cumplimiento de WIP (personas dentro del tope) | B42: =IFERROR(SUMPRODUCT(($B$31:$B$38>0)*($B$31:$B$38<=$B$19))/SUMPRODUCT(($B$31:$B$38>0)*1)*100,"") | C42: Sobre las personas que hoy tienen al menos 1 ítem activo.
A44: Cómo usar esta tabla: escribe el nombre de cada persona de tu equipo en la columna Persona (las 2 filas en azul son ejemplo, bórralas). El conteo de ítems activos suma la columna 'Responsable de desarrollo' y la columna 'Responsable de QA' de 'Seguimiento de proyectos' — así una persona de QA cuenta igual que una de desarrollo, y alguien que aparece en ambas columnas de un mismo ítem se cuenta una vez por cada rol. Usa una sola persona por columna en cada ítem, no una lista. Esta tabla es una foto de HOY; para medir tendencia real, repite la foto cada semana en el ritual semanal. Si necesitas más de 8 personas, copia el formato de una fila hacia abajo.

Sheet Roles y gobierno
A1: Roles y gobierno (sección 5 del framework KPS)
A2: Cada regla necesita un dueño con nombre, y ese dueño necesita un respaldo nombrado — nunca un punto único de falla.
A4: Rol | B4: Alcance | C4: Titular | D4: Respaldo | E4: Notas
A5: Responsable de Flujo de Portafolio | B5: General | E5: Mantiene la vista única de capacidad actualizada y decide qué pasa cuando alguien llega a su tope de WIP.
A6: Aprobador de Clase de Servicio | B6: General | E6: Única autoridad para etiquetar un ítem como Expedite.
A7: Facilitador del Ritual Semanal | B7: General | E7: Corre el triage semanal y verifica la Definición de Listo antes de que algo entre a desarrollo.
A8: Representante de Valor de Negocio | B8: Todas las líneas (confirmar si se necesita uno por línea) | E8: Única fuente aceptada del componente de valor de negocio (Costo de Demora) del WSJF. Sin su respaldo nombrado, este rol queda con el mismo bus factor que KPS busca eliminar en el resto del equipo.
A9: Líder de Flujo de Valor | B9: Producto y experiencia de cliente
A10: Líder de Flujo de Valor | B10: Datos y reportes internos
A11: Líder de Flujo de Valor | B11: Plataforma e infraestructura
A12: Guardia Rotativa (Firefighter) | B12: General | E12: Absorbe lo Expedite durante su semana de turno. La rotación es, en sí misma, el mecanismo de respaldo.
A13: Dueño de Calidad del Flujo | B13: General | E13: Puede bloquear el paso a 'Listo para desplegar' si no cumple la Definición de Hecho.
A15: Cómo usar esta hoja: completa 'Titular' y 'Respaldo' (columnas en amarillo) para cada rol con el nombre real de la persona de tu equipo. Agrega una fila de 'Líder de Flujo de Valor' por cada flujo de valor adicional que tengas — usa los mismos nombres de flujo que en la columna 'Línea de trabajo asignada' de 'Seguimiento de proyectos', para que ambas hojas hablen el mismo idioma. Ningún rol necesita ser una dedicación de tiempo completo: pueden ser sombreros que ya usan personas del equipo.
